S.No,Topic,Sub-Topic,Problem Name,Difficulty,Source,LeetCode/GFG Link,Notes
1,Basics,Pattern Problems,Print 1 to N,Easy,Striver,https://www.geeksforgeeks.org/problems/print-1-to-n-without-using-loops-1587115620/1,Recursion intro
2,Basics,Pattern Problems,Print Name N Times,Easy,Striver,https://www.geeksforgeeks.org/problems/print-your-name-n-times/1,Recursion intro
3,Basics,Pattern Problems,Print GFG n times,Easy,Striver,https://www.geeksforgeeks.org/problems/print-gfg-n-times/1,Recursion intro
4,Basics,Pattern Problems,Print N to 1,Easy,Striver,https://www.geeksforgeeks.org/problems/print-n-to-1-without-loop/1,Recursion intro
5,Basics,Pattern Problems,Sum of First N Numbers,Easy,Striver,https://leetcode.com/problems/sum-of-first-n-naturals/,Recursion
6,Basics,Pattern Problems,Factorial of N,Easy,Striver,https://www.geeksforgeeks.org/problems/factorial-of-a-number/1,Recursion
7,Basics,Pattern Problems,Reverse Array,Easy,Striver,https://leetcode.com/problems/reverse-string/,Recursion
8,Basics,Pattern Problems,Check Palindrome String,Easy,Striver,https://leetcode.com/problems/valid-palindrome/,Recursion
9,Basics,Pattern Problems,Fibonacci Number,Easy,Striver,https://leetcode.com/problems/fibonacci-number/,Recursion
10,Basics,Math & Hashing,Count Digits,Easy,Striver,https://www.geeksforgeeks.org/problems/count-digits5716/1,
11,Basics,Math & Hashing,Reverse Integer,Easy,Striver,https://leetcode.com/problems/reverse-integer/,
12,Basics,Math & Hashing,Check Palindrome Number,Easy,Striver,https://leetcode.com/problems/palindrome-number/,
13,Basics,Math & Hashing,GCD/HCF of Two Numbers,Easy,Striver,https://www.geeksforgeeks.org/problems/gcd-of-two-numbers3459/1,
14,Basics,Math & Hashing,Armstrong Number,Easy,Striver,https://www.geeksforgeeks.org/problems/armstrong-numbers2727/1,
15,Basics,Math & Hashing,Print All Divisors,Easy,Striver,https://www.geeksforgeeks.org/problems/sum-of-all-divisors-from-1-to-n/0,
16,Basics,Math & Hashing,Check Prime,Easy,Striver,https://www.geeksforgeeks.org/problems/prime-number2314/1,
17,Basics,Math & Hashing,Sieve of Eratosthenes,Easy,Added-Math,https://leetcode.com/problems/count-primes/,Gap from Fraz/Babbar
18,Basics,Math & Hashing,Power of Two,Easy,Added-Math,https://leetcode.com/problems/power-of-two/,Gap from NeetCode
19,Basics,Math & Hashing,Excel Sheet Column Number,Easy,Added-Math,https://leetcode.com/problems/excel-sheet-column-number/,Gap from Fraz
20,Basics,Math & Hashing,Happy Number,Easy,Added-Math,https://leetcode.com/problems/happy-number/,Gap from NeetCode
21,Basics,Math & Hashing,Add Digits,Easy,Added-Math,https://leetcode.com/problems/add-digits/,Gap from Fraz
22,Basics,Math & Hashing,Ugly Number,Easy,Added-Math,https://leetcode.com/problems/ugly-number/,Gap from Fraz
23,Basics,Math & Hashing,Sqrt(x),Easy,Added-Math,https://leetcode.com/problems/sqrtx/,Gap from Fraz
24,Basics,Math & Hashing,Pow(x n),Medium,Added-Math,https://leetcode.com/problems/powx-n/,Gap from Fraz
25,Basics,STL/Collections,Sort Colors (Dutch National Flag),Medium,Striver,https://leetcode.com/problems/sort-colors/,Intro to STL patterns
26,Basics,STL/Collections,Pair Sum in Array,Easy,Striver,https://www.geeksforgeeks.org/problems/pair-sum-in-array/0,
27,Basics,STL/Collections,Max and Min in Array,Easy,Striver,https://www.geeksforgeeks.org/problems/max-min/1,
28,Sorting,Sorting Algorithms,Bubble Sort,Easy,Striver,https://www.geeksforgeeks.org/problems/bubble-sort/1,
29,Sorting,Sorting Algorithms,Selection Sort,Easy,Striver,https://www.geeksforgeeks.org/problems/selection-sort/1,
30,Sorting,Sorting Algorithms,Insertion Sort,Easy,Striver,https://www.geeksforgeeks.org/problems/insertion-sort/1,
31,Sorting,Sorting Algorithms,Merge Sort,Medium,Striver,https://leetcode.com/problems/sort-an-array/,Classic divide & conquer
32,Sorting,Sorting Algorithms,Quick Sort,Medium,Striver,https://www.geeksforgeeks.org/problems/quick-sort/1,
33,Sorting,Sorting Algorithms,Recursive Bubble Sort,Easy,Striver,https://www.geeksforgeeks.org/problems/bubble-sort/1,
34,Sorting,Sorting Algorithms,Recursive Insertion Sort,Easy,Striver,https://www.geeksforgeeks.org/problems/insertion-sort/1,
35,Arrays,Easy,Largest Element in Array,Easy,Striver,https://www.geeksforgeeks.org/problems/largest-element-in-array4009/1,
36,Arrays,Easy,Second Largest Element in Array,Easy,Striver,https://www.geeksforgeeks.org/problems/second-largest3735/1,
37,Arrays,Easy,Check Array Sorted,Easy,Striver,https://leetcode.com/problems/check-if-array-is-sorted-and-rotated/,
38,Arrays,Easy,Remove Duplicates from Sorted Array,Easy,Striver,https://leetcode.com/problems/remove-duplicates-from-sorted-array/,
39,Arrays,Easy,Left Rotate Array by One,Easy,Striver,https://www.geeksforgeeks.org/problems/cyclically-rotate-an-array-by-one/1,
40,Arrays,Easy,Rotate Array by K Places,Medium,Striver,https://leetcode.com/problems/rotate-array/,
41,Arrays,Easy,Move Zeros to End,Easy,Striver,https://leetcode.com/problems/move-zeroes/,
42,Arrays,Easy,Linear Search,Easy,Striver,https://www.geeksforgeeks.org/problems/who-will-win-1587115621/1,
43,Arrays,Easy,Find Union of Two Sorted Arrays,Easy,Striver,https://www.geeksforgeeks.org/problems/union-of-two-sorted-arrays-1587115621/1,
44,Arrays,Easy,Find Intersection of Two Arrays,Easy,Striver,https://leetcode.com/problems/intersection-of-two-arrays-ii/,
45,Arrays,Easy,Find Missing Number in Array,Easy,Striver,https://leetcode.com/problems/missing-number/,
46,Arrays,Easy,Maximum Consecutive Ones,Easy,Striver,https://leetcode.com/problems/max-consecutive-ones/,
47,Arrays,Easy,Find Number Appearing Once,Easy,Striver,https://leetcode.com/problems/single-number/,
48,Arrays,Easy,Longest Subarray with Sum K (Positives),Easy,Striver,https://www.geeksforgeeks.org/problems/longest-sub-array-with-sum-k0809/1,
49,Arrays,Medium,Two Sum,Medium,Striver,https://leetcode.com/problems/two-sum/,Classic
50,Arrays,Medium,Sort Colors,Medium,Striver,https://leetcode.com/problems/sort-colors/,Dutch national flag
51,Arrays,Medium,Majority Element,Medium,Striver,https://leetcode.com/problems/majority-element/,Moore voting
52,Arrays,Medium,Kadane's Algorithm - Max Subarray,Medium,Striver,https://leetcode.com/problems/maximum-subarray/,Kadane's
53,Arrays,Medium,Stock Buy and Sell I,Easy,Striver,https://leetcode.com/problems/best-time-to-buy-and-sell-stock/,
54,Arrays,Medium,Rearrange Array by Sign,Medium,Striver,https://leetcode.com/problems/rearrange-array-elements-by-sign/,
55,Arrays,Medium,Next Permutation,Medium,Striver,https://leetcode.com/problems/next-permutation/,
56,Arrays,Medium,Leaders in an Array,Easy,Striver,https://www.geeksforgeeks.org/problems/leaders-in-an-array-1587115620/1,
57,Arrays,Medium,Longest Consecutive Sequence,Medium,Striver,https://leetcode.com/problems/longest-consecutive-sequence/,
58,Arrays,Medium,Set Matrix Zeroes,Medium,Striver,https://leetcode.com/problems/set-matrix-zeroes/,
59,Arrays,Medium,Rotate Image,Medium,Striver,https://leetcode.com/problems/rotate-image/,
60,Arrays,Medium,Spiral Matrix,Medium,Striver,https://leetcode.com/problems/spiral-matrix/,
61,Arrays,Medium,Subarray Sum Equals K,Medium,Striver,https://leetcode.com/problems/subarray-sum-equals-k/,
62,Arrays,Medium,Pascal's Triangle,Easy,Striver,https://leetcode.com/problems/pascals-triangle/,
63,Arrays,Hard,Majority Element II,Medium,Striver,https://leetcode.com/problems/majority-element-ii/,Extended Moore voting
64,Arrays,Hard,3Sum,Medium,Striver,https://leetcode.com/problems/3sum/,
65,Arrays,Hard,4Sum,Medium,Striver,https://leetcode.com/problems/4sum/,
66,Arrays,Hard,Largest Subarray with 0 Sum,Medium,Striver,https://www.geeksforgeeks.org/problems/largest-subarray-with-0-sum/1,
67,Arrays,Hard,Count Subarrays with XOR K,Medium,Striver,https://www.geeksforgeeks.org/problems/count-subarray-with-given-xor/1,
68,Arrays,Hard,Merge Overlapping Intervals,Medium,Striver,https://leetcode.com/problems/merge-intervals/,
69,Arrays,Hard,Merge Two Sorted Arrays Without Space,Hard,Striver,https://leetcode.com/problems/merge-sorted-array/,
70,Arrays,Hard,Missing and Repeating Number,Medium,Striver,https://www.geeksforgeeks.org/problems/find-missing-and-repeating2512/1,
71,Arrays,Hard,Count Inversions,Hard,Striver,https://www.geeksforgeeks.org/problems/inversion-of-array-1587115620/1,
72,Arrays,Hard,Reverse Pairs,Hard,Striver,https://leetcode.com/problems/reverse-pairs/,
73,Arrays,Hard,Maximum Product Subarray,Medium,Striver,https://leetcode.com/problems/maximum-product-subarray/,
74,Arrays,Added,Trapping Rain Water,Hard,Added-Arrays,https://leetcode.com/problems/trapping-rain-water/,Gap - NeetCode/Babbar
75,Arrays,Added,Container with Most Water,Medium,Added-Arrays,https://leetcode.com/problems/container-with-most-water/,Gap - NeetCode
76,Arrays,Added,Product of Array Except Self,Medium,Added-Arrays,https://leetcode.com/problems/product-of-array-except-self/,Gap - NeetCode
77,Arrays,Added,Jump Game,Medium,Added-Arrays,https://leetcode.com/problems/jump-game/,Gap - NeetCode
78,Arrays,Added,Jump Game II,Medium,Added-Arrays,https://leetcode.com/problems/jump-game-ii/,Gap - NeetCode
79,Arrays,Added,Gas Station,Medium,Added-Arrays,https://leetcode.com/problems/gas-station/,Gap - NeetCode
80,Arrays,Added,Find Duplicate Number,Medium,Added-Arrays,https://leetcode.com/problems/find-the-duplicate-number/,Gap - NeetCode
81,Arrays,2D Arrays,Search a 2D Matrix,Medium,Striver,https://leetcode.com/problems/search-a-2d-matrix/,
82,Arrays,2D Arrays,Search a 2D Matrix II,Medium,Striver,https://leetcode.com/problems/search-a-2d-matrix-ii/,
83,Arrays,2D Arrays,Diagonal Traverse,Medium,Added-Matrix,https://leetcode.com/problems/diagonal-traverse/,Gap - Shradha/Babbar
84,Arrays,2D Arrays,Transpose Matrix,Easy,Added-Matrix,https://leetcode.com/problems/transpose-matrix/,Gap - Shradha
85,Arrays,2D Arrays,Pascal's Triangle II,Easy,Added-Matrix,https://leetcode.com/problems/pascals-triangle-ii/,Gap - Shradha
86,Arrays,2D Arrays,Reshape the Matrix,Easy,Added-Matrix,https://leetcode.com/problems/reshape-the-matrix/,Gap - Shradha
87,Arrays,2D Arrays,Number of Islands,Medium,Added-Matrix,https://leetcode.com/problems/number-of-islands/,Gap - Babbar
88,Arrays,2D Arrays,Surrounded Regions,Medium,Added-Matrix,https://leetcode.com/problems/surrounded-regions/,Gap - Babbar
89,Binary Search,1D Arrays,Binary Search,Easy,Striver,https://leetcode.com/problems/binary-search/,
90,Binary Search,1D Arrays,Implement Lower Bound,Easy,Striver,https://www.geeksforgeeks.org/problems/floor-in-a-sorted-array-1587115620/1,
91,Binary Search,1D Arrays,Implement Upper Bound,Easy,Striver,https://www.geeksforgeeks.org/problems/ceil-the-floor/1,
92,Binary Search,1D Arrays,Search Insert Position,Easy,Striver,https://leetcode.com/problems/search-insert-position/,
93,Binary Search,1D Arrays,Floor and Ceil in Sorted Array,Easy,Striver,https://www.geeksforgeeks.org/problems/ceil-the-floor/1,
94,Binary Search,1D Arrays,First and Last Occurrence in Sorted Array,Easy,Striver,https://leetcode.com/problems/find-first-and-last-position-of-element-in-sorted-array/,
95,Binary Search,1D Arrays,Count Occurrences in Sorted Array,Easy,Striver,https://www.geeksforgeeks.org/problems/number-of-occurrence2259/1,
96,Binary Search,1D Arrays,Search in Rotated Sorted Array,Medium,Striver,https://leetcode.com/problems/search-in-rotated-sorted-array/,
97,Binary Search,1D Arrays,Search in Rotated Sorted Array II,Medium,Striver,https://leetcode.com/problems/search-in-rotated-sorted-array-ii/,
98,Binary Search,1D Arrays,Find Minimum in Rotated Sorted Array,Medium,Striver,https://leetcode.com/problems/find-minimum-in-rotated-sorted-array/,
99,Binary Search,1D Arrays,Find Out How Many Times Array is Rotated,Easy,Striver,https://www.geeksforgeeks.org/problems/rotation4723/1,
100,Binary Search,1D Arrays,Single Element in Sorted Array,Medium,Striver,https://leetcode.com/problems/single-element-in-a-sorted-array/,
101,Binary Search,1D Arrays,Find Peak Element,Medium,Striver,https://leetcode.com/problems/find-peak-element/,
102,Binary Search,Answer Space,Find Square Root,Easy,Striver,https://leetcode.com/problems/sqrtx/,
103,Binary Search,Answer Space,Find Nth Root of M,Medium,Striver,https://www.geeksforgeeks.org/problems/find-nth-root-of-m/0,
104,Binary Search,Answer Space,Koko Eating Bananas,Medium,Striver,https://leetcode.com/problems/koko-eating-bananas/,
105,Binary Search,Answer Space,Minimum Days to Make M Bouquets,Medium,Striver,https://leetcode.com/problems/minimum-number-of-days-to-make-m-bouquets/,
106,Binary Search,Answer Space,Find Smallest Divisor,Medium,Striver,https://leetcode.com/problems/find-the-smallest-divisor-given-a-threshold/,
107,Binary Search,Answer Space,Capacity to Ship Packages in D Days,Medium,Striver,https://leetcode.com/problems/capacity-to-ship-packages-within-d-days/,
108,Binary Search,Answer Space,Kth Missing Positive Number,Easy,Striver,https://leetcode.com/problems/kth-missing-positive-number/,
109,Binary Search,Answer Space,Aggressive Cows,Medium,Striver,https://www.geeksforgeeks.org/problems/aggressive-cows/1,Classic BS on answer
110,Binary Search,Answer Space,Allocate Books / Book Allocation Problem,Hard,Striver,https://www.geeksforgeeks.org/problems/allocate-minimum-number-of-pages0937/1,
111,Binary Search,Answer Space,Split Array Largest Sum,Hard,Striver,https://leetcode.com/problems/split-array-largest-sum/,
112,Binary Search,Answer Space,Painter's Partition,Hard,Striver,https://www.geeksforgeeks.org/problems/the-painters-partition-problem1535/1,
113,Binary Search,Answer Space,Minimize Max Distance to Gas Station,Hard,Striver,https://www.geeksforgeeks.org/problems/minimize-max-distance-to-gas-station/1,
114,Binary Search,Answer Space,Median of Two Sorted Arrays,Hard,Striver,https://leetcode.com/problems/median-of-two-sorted-arrays/,
115,Binary Search,Answer Space,Kth Element of Two Sorted Arrays,Hard,Striver,https://www.geeksforgeeks.org/problems/k-th-element-of-two-sorted-array1317/1,
116,Binary Search,2D Arrays,Row with Max 1s,Medium,Striver,https://www.geeksforgeeks.org/problems/row-with-max-1s0023/1,
117,Binary Search,2D Arrays,Peak Element in 2D Grid,Hard,Striver,https://leetcode.com/problems/find-a-peak-element-ii/,
118,Binary Search,2D Arrays,Matrix Median,Hard,Striver,https://www.geeksforgeeks.org/problems/median-in-a-row-wise-sorted-matrix1527/1,
119,Strings,Easy,Remove Outermost Parentheses,Easy,Striver,https://leetcode.com/problems/remove-outermost-parentheses/,
120,Strings,Easy,Reverse Words in a String,Medium,Striver,https://leetcode.com/problems/reverse-words-in-a-string/,
121,Strings,Easy,Largest Odd Number in String,Easy,Striver,https://leetcode.com/problems/largest-odd-number-in-string/,
122,Strings,Easy,Longest Common Prefix,Easy,Striver,https://leetcode.com/problems/longest-common-prefix/,
123,Strings,Easy,Isomorphic Strings,Easy,Striver,https://leetcode.com/problems/isomorphic-strings/,
124,Strings,Easy,Check Anagram,Easy,Striver,https://leetcode.com/problems/valid-anagram/,
125,Strings,Easy,Count and Say,Medium,Striver,https://leetcode.com/problems/count-and-say/,
126,Strings,Easy,Compare Version Numbers,Medium,Striver,https://leetcode.com/problems/compare-version-numbers/,
127,Strings,Medium,Sort Characters by Frequency,Medium,Striver,https://leetcode.com/problems/sort-characters-by-frequency/,
128,Strings,Medium,Maximum Nesting Depth of Parentheses,Easy,Striver,https://leetcode.com/problems/maximum-nesting-depth-of-the-parentheses/,
129,Strings,Medium,Roman to Integer,Easy,Striver,https://leetcode.com/problems/roman-to-integer/,
130,Strings,Medium,Implement Atoi,Medium,Striver,https://leetcode.com/problems/string-to-integer-atoi/,
131,Strings,Medium,Count Number of Substrings,Medium,Striver,https://www.geeksforgeeks.org/problems/count-number-of-substrings4528/1,
132,Strings,Medium,Longest Palindromic Substring,Medium,Striver,https://leetcode.com/problems/longest-palindromic-substring/,
133,Strings,Medium,Sum of Beauty of All Substrings,Medium,Striver,https://leetcode.com/problems/sum-of-beauty-of-all-substrings/,
134,Strings,Added,Valid Parentheses,Easy,Added-Strings,https://leetcode.com/problems/valid-parentheses/,Gap - NeetCode
135,Strings,Added,Generate Parentheses,Medium,Added-Strings,https://leetcode.com/problems/generate-parentheses/,Gap - NeetCode
136,Strings,Added,Minimum Window Substring,Hard,Added-Strings,https://leetcode.com/problems/minimum-window-substring/,Gap - NeetCode
137,Strings,Added,Group Anagrams,Medium,Added-Strings,https://leetcode.com/problems/group-anagrams/,Gap - NeetCode
138,Strings,Added,Encode and Decode Strings,Medium,Added-Strings,https://leetcode.com/problems/encode-and-decode-strings/,Gap - NeetCode
139,Strings,Added,Palindromic Substrings,Medium,Added-Strings,https://leetcode.com/problems/palindromic-substrings/,Gap - NeetCode
140,Strings,Advanced,Rabin Karp Algorithm,Hard,Striver,https://leetcode.com/problems/repeated-string-match/,
141,Strings,Advanced,Z-Algorithm,Hard,Striver,https://leetcode.com/problems/find-the-index-of-the-first-occurrence-in-a-string/,
142,Strings,Advanced,KMP Algorithm,Hard,Striver,https://leetcode.com/problems/find-the-index-of-the-first-occurrence-in-a-string/,Pattern matching
143,Strings,Advanced,Minimum Characters to Make String Palindrome,Hard,Striver,https://www.geeksforgeeks.org/problems/minimum-characters-to-be-added-at-front-to-make-string-palindrome/0,
144,Strings,Advanced,Check if Strings are Rotation,Easy,Striver,https://leetcode.com/problems/rotate-string/,
145,Strings,Advanced,Convert String to Shortest Palindrome,Hard,Striver,https://www.geeksforgeeks.org/problems/minimum-characters-to-be-added-at-front-to-make-string-palindrome/0,
146,Strings,Advanced,Longest Prefix Suffix (KMP Failure),Hard,Striver,https://www.geeksforgeeks.org/problems/longest-prefix-suffix2527/1,
147,Strings,Advanced,Count Occurrences of Anagram,Medium,Striver,https://leetcode.com/problems/find-all-anagrams-in-a-string/,
148,Strings,Advanced,Beautiful String / Rearrange String k Distance Apart,Hard,Striver,https://www.geeksforgeeks.org/problems/beautyofstring/1,
149,Strings,Advanced,Sum of All Substrings,Medium,Striver,https://www.geeksforgeeks.org/problems/sum-of-all-substrings-of-a-number/1,
150,Linked List,Single LL,Intro to LL - Create LL,Easy,Striver,https://www.geeksforgeeks.org/problems/introduction-to-linked-list/1,
151,Linked List,Single LL,Insert at Head Tail,Easy,Striver,https://www.geeksforgeeks.org/problems/linked-list-insertion-1587115620/1,
152,Linked List,Single LL,Remove Node from LL,Easy,Striver,https://leetcode.com/problems/remove-linked-list-elements/,
153,Linked List,Single LL,Search in LL,Easy,Striver,https://www.geeksforgeeks.org/problems/search-in-linked-list-1664434326/1,
154,Linked List,Double LL,Intro to DLL,Easy,Striver,https://www.geeksforgeeks.org/problems/introduction-to-doubly-linked-list/1,
155,Linked List,Double LL,Insert/Remove in DLL,Easy,Striver,https://www.geeksforgeeks.org/problems/delete-node-in-doubly-linked-list/1,
156,Linked List,Double LL,Reverse a DLL,Easy,Striver,https://www.geeksforgeeks.org/problems/reverse-a-doubly-linked-list/1,
157,Linked List,Medium,Middle of LL,Easy,Striver,https://leetcode.com/problems/middle-of-the-linked-list/,
158,Linked List,Medium,Reverse a LL,Easy,Striver,https://leetcode.com/problems/reverse-linked-list/,
159,Linked List,Medium,Detect Loop in LL,Easy,Striver,https://leetcode.com/problems/linked-list-cycle/,
160,Linked List,Medium,Find Length of Loop in LL,Medium,Striver,https://www.geeksforgeeks.org/problems/find-length-of-loop/1,
161,Linked List,Medium,Check if LL is Palindrome,Medium,Striver,https://leetcode.com/problems/palindrome-linked-list/,
162,Linked List,Medium,Segregate Odd/Even Nodes,Medium,Striver,https://leetcode.com/problems/odd-even-linked-list/,
163,Linked List,Medium,Remove Nth Node from End,Medium,Striver,https://leetcode.com/problems/remove-nth-node-from-end-of-list/,
164,Linked List,Medium,Delete Middle of LL,Medium,Striver,https://leetcode.com/problems/delete-the-middle-node-of-a-linked-list/,
165,Linked List,Medium,Sort LL of 0s 1s and 2s,Medium,Striver,https://www.geeksforgeeks.org/problems/given-a-linked-list-of-0s-1s-and-2s-sort-it/1,
166,Linked List,Medium,Add 1 to LL,Medium,Striver,https://www.geeksforgeeks.org/problems/add-1-to-a-number-represented-as-linked-list/1,
167,Linked List,Medium,Add Two Numbers as LL,Medium,Striver,https://leetcode.com/problems/add-two-numbers/,
168,Linked List,Medium,Intersection Point of Two LLs,Easy,Striver,https://leetcode.com/problems/intersection-of-two-linked-lists/,
169,Linked List,Medium,Starting Point of Loop in LL,Medium,Striver,https://leetcode.com/problems/linked-list-cycle-ii/,
170,Linked List,Medium,Flattening a LL,Hard,Striver,https://www.geeksforgeeks.org/problems/flattening-a-linked-list/1,
171,Linked List,Medium,Rotate a LL,Medium,Striver,https://leetcode.com/problems/rotate-list/,
172,Linked List,Medium,Clone LL with Random Pointer,Medium,Striver,https://leetcode.com/problems/copy-list-with-random-pointer/,
173,Linked List,Hard,Reverse LL in Groups of K,Hard,Striver,https://leetcode.com/problems/reverse-nodes-in-k-group/,
174,Linked List,Hard,Reverse LL in Alternating Groups,Hard,Striver,https://www.geeksforgeeks.org/problems/reverse-alternate-k-nodes-in-a-singly-linked-list/1,
175,Linked List,Hard,Merge Two Sorted LLs,Easy,Striver,https://leetcode.com/problems/merge-two-sorted-lists/,
176,Linked List,Hard,Sort LL,Medium,Striver,https://leetcode.com/problems/sort-list/,Merge sort on LL
177,Linked List,Hard,Delete All Occurrences of Key in DLL,Medium,Striver,https://www.geeksforgeeks.org/problems/delete-all-occurrences-of-a-given-key-in-a-doubly-linked-list/1,
178,Linked List,Hard,Find Pairs with Given Sum in DLL,Medium,Striver,https://www.geeksforgeeks.org/problems/find-pairs-with-given-sum-in-doubly-linked-list/1,
179,Linked List,Hard,Remove Duplicates from Sorted DLL,Easy,Striver,https://www.geeksforgeeks.org/problems/remove-duplicates-from-a-sorted-doubly-linked-list/1,
180,Linked List,Hard,Merge K Sorted Lists,Hard,Striver,https://leetcode.com/problems/merge-k-sorted-lists/,
181,Linked List,Hard,Flatten Binary Tree to Linked List,Medium,Striver,https://leetcode.com/problems/flatten-binary-tree-to-linked-list/,
182,Recursion,Basics,All Subsequences of String,Medium,Striver,https://www.geeksforgeeks.org/problems/print-all-subsequences/0,
183,Recursion,Basics,Print All Subsets,Medium,Striver,https://leetcode.com/problems/subsets/,
184,Recursion,Basics,Get All Subsequences with Sum K,Medium,Striver,https://www.geeksforgeeks.org/problems/print-all-subsequences-with-given-sum/0,
185,Recursion,Basics,Count All Subsequences with Sum K,Medium,Striver,https://www.geeksforgeeks.org/problems/perfect-sum-problem5633/1,
186,Recursion,Basics,Check if Any Subsequence has Sum K,Medium,Striver,https://www.geeksforgeeks.org/problems/subset-sum-problem-1611555638/1,
187,Recursion,Basics,Combination Sum I,Medium,Striver,https://leetcode.com/problems/combination-sum/,
188,Recursion,Basics,Combination Sum II,Medium,Striver,https://leetcode.com/problems/combination-sum-ii/,
189,Recursion,Basics,Combination Sum III,Medium,Striver,https://leetcode.com/problems/combination-sum-iii/,
190,Recursion,Basics,Subset Sum I,Medium,Striver,https://www.geeksforgeeks.org/problems/subset-sums2234/1,
191,Recursion,Basics,Subset Sum II (Unique Subsets),Medium,Striver,https://leetcode.com/problems/subsets-ii/,
192,Recursion,Backtracking,Permutation Sequence,Hard,Striver,https://leetcode.com/problems/permutation-sequence/,
193,Recursion,Backtracking,Permutations I,Medium,Striver,https://leetcode.com/problems/permutations/,
194,Recursion,Backtracking,Permutations II (Duplicates),Medium,Striver,https://leetcode.com/problems/permutations-ii/,
195,Recursion,Backtracking,N Queens,Hard,Striver,https://leetcode.com/problems/n-queens/,Classic backtracking
196,Recursion,Backtracking,N Queens II,Hard,Striver,https://leetcode.com/problems/n-queens-ii/,
197,Recursion,Backtracking,Sudoku Solver,Hard,Striver,https://leetcode.com/problems/sudoku-solver/,
198,Recursion,Backtracking,M Coloring Problem,Hard,Striver,https://www.geeksforgeeks.org/problems/m-coloring-problem-1587115620/1,
199,Recursion,Backtracking,Rat in a Maze,Medium,Striver,https://www.geeksforgeeks.org/problems/rat-in-a-maze-problem/1,
200,Recursion,Backtracking,Word Break,Medium,Striver,https://leetcode.com/problems/word-break/,
201,Recursion,Backtracking,Expression Add Operators,Hard,Striver,https://leetcode.com/problems/expression-add-operators/,
202,Recursion,Added,Letter Combinations of Phone Number,Medium,Added-Backtracking,https://leetcode.com/problems/letter-combinations-of-a-phone-number/,Gap - NeetCode
203,Recursion,Added,Palindrome Partitioning,Medium,Added-Backtracking,https://leetcode.com/problems/palindrome-partitioning/,Gap - NeetCode
204,Recursion,Added,Word Search,Medium,Added-Backtracking,https://leetcode.com/problems/word-search/,Gap - NeetCode
205,Recursion,Added,Word Search II,Hard,Added-Backtracking,https://leetcode.com/problems/word-search-ii/,Gap - NeetCode
206,Bit Manipulation,Concepts,Count Set Bits,Easy,Striver,https://leetcode.com/problems/number-of-1-bits/,
207,Bit Manipulation,Concepts,Check Bit at Position,Easy,Striver,https://www.geeksforgeeks.org/problems/check-whether-k-th-bit-is-set-or-not-1587115620/1,
208,Bit Manipulation,Concepts,Set Bit at Position,Easy,Striver,https://www.geeksforgeeks.org/problems/set-kth-bit/1,
209,Bit Manipulation,Concepts,Clear Bit at Position,Easy,Striver,https://www.geeksforgeeks.org/problems/clear-k-th-bit/1,
210,Bit Manipulation,Concepts,Toggle Bit,Easy,Striver,https://www.geeksforgeeks.org/problems/toggle-bits-given-range0952/1,
211,Bit Manipulation,Concepts,Remove Last Set Bit,Easy,Striver,https://www.geeksforgeeks.org/problems/remove-last-set-bit/1,
212,Bit Manipulation,Concepts,Check Power of 2,Easy,Striver,https://leetcode.com/problems/power-of-two/,
213,Bit Manipulation,Problems,Single Number,Easy,Striver,https://leetcode.com/problems/single-number/,
214,Bit Manipulation,Problems,Single Number II,Medium,Striver,https://leetcode.com/problems/single-number-ii/,
215,Bit Manipulation,Problems,Single Number III,Medium,Striver,https://leetcode.com/problems/single-number-iii/,
216,Bit Manipulation,Problems,XOR of Numbers in Range L to R,Medium,Striver,https://www.geeksforgeeks.org/problems/find-xor-of-numbers-from-l-to-r/1,
217,Bit Manipulation,Problems,Divide Two Integers,Medium,Striver,https://leetcode.com/problems/divide-two-integers/,
218,Bit Manipulation,Problems,Subsets (Power Set),Medium,Striver,https://leetcode.com/problems/subsets/,
219,Bit Manipulation,Problems,Find MSB,Easy,Striver,https://www.geeksforgeeks.org/problems/find-msb-in-o1/1,
220,Bit Manipulation,Problems,Print Prime Factors using Sieve,Medium,Striver,https://www.geeksforgeeks.org/problems/prime-factorization-using-sieve/0,
221,Bit Manipulation,Problems,All Divisors of a Number,Easy,Striver,https://www.geeksforgeeks.org/problems/all-divisors-of-a-number/1,
222,Bit Manipulation,Problems,Minimum Bit Flips to Convert Number,Easy,Striver,https://leetcode.com/problems/minimum-bit-flips-to-convert-number/,
223,Bit Manipulation,Problems,Count Set Bits 1 to N,Medium,Striver,https://leetcode.com/problems/counting-bits/,
224,Bit Manipulation,Added,Reverse Bits,Easy,Added-Bit,https://leetcode.com/problems/reverse-bits/,Gap - NeetCode
225,Bit Manipulation,Added,Missing Number XOR,Easy,Added-Bit,https://leetcode.com/problems/missing-number/,Gap - NeetCode
226,Bit Manipulation,Added,Sum of Two Integers without + operator,Medium,Added-Bit,https://leetcode.com/problems/sum-of-two-integers/,Gap - NeetCode
227,Stack & Queue,Learning,Implement Stack using Array,Easy,Striver,https://leetcode.com/problems/implement-stack-using-queues/,
228,Stack & Queue,Learning,Implement Queue using Array,Easy,Striver,https://leetcode.com/problems/implement-queue-using-stacks/,
229,Stack & Queue,Learning,Implement Stack using Queue,Easy,Striver,https://leetcode.com/problems/implement-stack-using-queues/,
230,Stack & Queue,Learning,Implement Queue using Stack,Easy,Striver,https://leetcode.com/problems/implement-queue-using-stacks/,
231,Stack & Queue,Prefix-Infix-Postfix,Valid Parentheses,Easy,Striver,https://leetcode.com/problems/valid-parentheses/,
232,Stack & Queue,Prefix-Infix-Postfix,Infix to Postfix Conversion,Medium,Striver,https://www.geeksforgeeks.org/problems/infix-to-postfix-1587115620/1,
233,Stack & Queue,Prefix-Infix-Postfix,Prefix to Infix Conversion,Medium,Striver,https://www.geeksforgeeks.org/problems/prefix-to-infix-conversion/1,
234,Stack & Queue,Prefix-Infix-Postfix,Prefix to Postfix Conversion,Medium,Striver,https://www.geeksforgeeks.org/problems/prefix-to-postfix-conversion/1,
235,Stack & Queue,Prefix-Infix-Postfix,Postfix to Prefix Conversion,Medium,Striver,https://www.geeksforgeeks.org/problems/postfix-to-prefix-conversion/1,
236,Stack & Queue,Monotonic Stack,Next Greater Element I,Easy,Striver,https://leetcode.com/problems/next-greater-element-i/,
237,Stack & Queue,Monotonic Stack,Next Greater Element II (Circular),Medium,Striver,https://leetcode.com/problems/next-greater-element-ii/,
238,Stack & Queue,Monotonic Stack,Next Smaller Element,Medium,Striver,https://www.geeksforgeeks.org/problems/next-smaller-element/1,
239,Stack & Queue,Monotonic Stack,Number of NGEs to Right,Medium,Striver,https://www.geeksforgeeks.org/problems/number-of-nges-to-the-right/1,
240,Stack & Queue,Monotonic Stack,Trapping Rain Water,Hard,Striver,https://leetcode.com/problems/trapping-rain-water/,
241,Stack & Queue,Monotonic Stack,Sum of Subarray Minimums,Medium,Striver,https://leetcode.com/problems/sum-of-subarray-minimums/,
242,Stack & Queue,Monotonic Stack,Asteroid Collision,Medium,Striver,https://leetcode.com/problems/asteroid-collision/,
243,Stack & Queue,Monotonic Stack,Sum of Subarray Ranges,Medium,Striver,https://leetcode.com/problems/sum-of-subarray-ranges/,
244,Stack & Queue,Monotonic Stack,Remove K Digits,Medium,Striver,https://leetcode.com/problems/remove-k-digits/,
245,Stack & Queue,Monotonic Stack,Largest Rectangle in Histogram,Hard,Striver,https://leetcode.com/problems/largest-rectangle-in-histogram/,
246,Stack & Queue,Monotonic Stack,Maximal Rectangle,Hard,Striver,https://leetcode.com/problems/maximal-rectangle/,
247,Stack & Queue,Implementation,Min Stack,Medium,Striver,https://leetcode.com/problems/min-stack/,
248,Stack & Queue,Implementation,Celebrity Problem,Medium,Striver,https://www.geeksforgeeks.org/problems/the-celebrity-problem/1,
249,Stack & Queue,Implementation,Sliding Window Maximum,Hard,Striver,https://leetcode.com/problems/sliding-window-maximum/,
250,Stack & Queue,Implementation,LRU Cache,Hard,Striver,https://leetcode.com/problems/lru-cache/,Design - FAANG favorite
251,Stack & Queue,Implementation,LFU Cache,Hard,Added-Design,https://leetcode.com/problems/lfu-cache/,Gap - Fraz Design
252,Stack & Queue,Implementation,Design Browser History,Medium,Added-Design,https://leetcode.com/problems/design-browser-history/,Gap - Fraz Design
253,Stack & Queue,Implementation,Design Circular Queue,Medium,Added-Design,https://leetcode.com/problems/design-circular-queue/,Gap - Fraz Design
254,Sliding Window,Fixed Window,Maximum Sum Subarray of Size K,Easy,Striver,https://www.geeksforgeeks.org/problems/max-sum-subarray-of-size-k5313/1,
255,Sliding Window,Fixed Window,First Negative Integer in Every Window,Medium,Striver,https://www.geeksforgeeks.org/problems/first-negative-integer-in-every-window-of-size-k3345/1,
256,Sliding Window,Variable Window,Longest Subarray with Sum K,Medium,Striver,https://www.geeksforgeeks.org/problems/longest-sub-array-with-sum-k0809/1,
257,Sliding Window,Variable Window,Longest Substring Without Repeating Characters,Medium,Striver,https://leetcode.com/problems/longest-substring-without-repeating-characters/,
258,Sliding Window,Variable Window,Max Consecutive Ones III,Medium,Striver,https://leetcode.com/problems/max-consecutive-ones-iii/,
259,Sliding Window,Variable Window,Fruit Into Baskets,Medium,Striver,https://leetcode.com/problems/fruit-into-baskets/,
260,Sliding Window,Variable Window,Longest Repeating Character Replacement,Medium,Striver,https://leetcode.com/problems/longest-repeating-character-replacement/,
261,Sliding Window,Variable Window,Binary Subarray with Sum,Medium,Striver,https://leetcode.com/problems/binary-subarrays-with-sum/,
262,Sliding Window,Variable Window,Count Number of Nice Subarrays,Medium,Striver,https://leetcode.com/problems/count-number-of-nice-subarrays/,
263,Sliding Window,Variable Window,Number of Substrings with All Three Characters,Medium,Striver,https://leetcode.com/problems/number-of-substrings-containing-all-three-characters/,
264,Sliding Window,Variable Window,Maximum Points You Can Obtain from Cards,Medium,Striver,https://leetcode.com/problems/maximum-points-you-can-obtain-from-cards/,
265,Sliding Window,Variable Window,Permutation in String,Medium,Striver,https://leetcode.com/problems/permutation-in-string/,
266,Sliding Window,Variable Window,Minimum Window Substring,Hard,Striver,https://leetcode.com/problems/minimum-window-substring/,
267,Heaps,Learning,Kth Largest Element in Array,Medium,Striver,https://leetcode.com/problems/kth-largest-element-in-an-array/,
268,Heaps,Learning,Kth Smallest Element in Array,Medium,Striver,https://www.geeksforgeeks.org/problems/kth-smallest-element5635/1,
269,Heaps,Learning,Max Heap / Min Heap Implementation,Medium,Striver,https://www.geeksforgeeks.org/problems/operations-on-binary-min-heap/1,
270,Heaps,Medium,Sort K Sorted Array (Sort Nearly Sorted),Medium,Striver,https://www.geeksforgeeks.org/problems/nearly-sorted-1587115620/1,
271,Heaps,Medium,K Closest Numbers,Medium,Striver,https://leetcode.com/problems/find-k-closest-elements/,
272,Heaps,Medium,Top K Frequent Elements,Medium,Striver,https://leetcode.com/problems/top-k-frequent-elements/,
273,Heaps,Medium,K Closest Points to Origin,Medium,Striver,https://leetcode.com/problems/k-closest-points-to-origin/,
274,Heaps,Medium,Task Scheduler,Medium,Striver,https://leetcode.com/problems/task-scheduler/,
275,Heaps,Medium,Twitter Design (Top 10 Tweets),Hard,Striver,https://leetcode.com/problems/design-twitter/,
276,Heaps,Hard,Connect Ropes with Minimum Cost,Medium,Striver,https://www.geeksforgeeks.org/problems/minimum-cost-of-ropes-1587115620/1,
277,Heaps,Hard,Sum of Elements Between K1th and K2th Smallest,Medium,Striver,https://www.geeksforgeeks.org/problems/sum-of-elements-between-k1th-and-k2th-smallest-elements/0,
278,Heaps,Hard,Maximum Sum Combination,Medium,Striver,https://www.geeksforgeeks.org/problems/maximum-sum-combination/0,
279,Heaps,Hard,Find Median from Data Stream,Hard,Striver,https://leetcode.com/problems/find-median-from-data-stream/,
280,Heaps,Hard,Kth Largest in Stream,Medium,Striver,https://leetcode.com/problems/kth-largest-element-in-a-stream/,
281,Heaps,Hard,Distinct Numbers in Window,Medium,Striver,https://www.geeksforgeeks.org/problems/count-distinct-elements-in-every-window/1,
282,Heaps,Hard,Kth Largest in Matrix,Hard,Striver,https://leetcode.com/problems/kth-smallest-element-in-a-sorted-matrix/,
283,Heaps,Hard,Merge K Sorted Arrays,Hard,Striver,https://www.geeksforgeeks.org/problems/merge-k-sorted-arrays/1,
284,Greedy,Easy,Assign Cookies,Easy,Striver,https://leetcode.com/problems/assign-cookies/,
285,Greedy,Easy,Fractional Knapsack,Medium,Striver,https://www.geeksforgeeks.org/problems/fractional-knapsack-1587115620/1,
286,Greedy,Easy,Greedy Algorithm to find Min Coins,Medium,Striver,https://www.geeksforgeeks.org/problems/greedy-algorithm-to-find-minimum-number-of-coins/0,
287,Greedy,Easy,Lemonade Change,Easy,Striver,https://leetcode.com/problems/lemonade-change/,
288,Greedy,Easy,Valid Parenthesis String,Medium,Striver,https://leetcode.com/problems/valid-parenthesis-string/,
289,Greedy,Medium/Hard,N Meetings in One Room,Medium,Striver,https://www.geeksforgeeks.org/problems/n-meetings-in-one-room-1587115620/1,
290,Greedy,Medium/Hard,Jump Game I,Medium,Striver,https://leetcode.com/problems/jump-game/,
291,Greedy,Medium/Hard,Jump Game II,Medium,Striver,https://leetcode.com/problems/jump-game-ii/,
292,Greedy,Medium/Hard,Minimum Platforms Required,Medium,Striver,https://www.geeksforgeeks.org/problems/minimum-number-of-platforms-required-for-a-railway-station-1587115620/1,
293,Greedy,Medium/Hard,Job Sequencing Problem,Medium,Striver,https://www.geeksforgeeks.org/problems/job-sequencing-problem-1587115620/1,
294,Greedy,Medium/Hard,Candy,Hard,Striver,https://leetcode.com/problems/candy/,
295,Greedy,Medium/Hard,Shortest Job First,Medium,Striver,https://www.geeksforgeeks.org/problems/shortest-job-first/1,
296,Greedy,Medium/Hard,Page Faults using LRU,Medium,Striver,https://www.geeksforgeeks.org/problems/page-faults-in-lru5603/1,
297,Greedy,Medium/Hard,Hand of Straights,Medium,Striver,https://leetcode.com/problems/hand-of-straights/,
298,Greedy,Medium/Hard,Merge Triplets to Form Target,Medium,Striver,https://leetcode.com/problems/merge-triplets-to-form-target-triplet/,
299,Greedy,Medium/Hard,Partition Labels,Medium,Striver,https://leetcode.com/problems/partition-labels/,
300,Greedy,Added,Meeting Rooms II,Medium,Added-Greedy,https://leetcode.com/problems/meeting-rooms-ii/,Gap - NeetCode
301,Binary Trees,Traversals,Preorder Traversal,Easy,Striver,https://leetcode.com/problems/binary-tree-preorder-traversal/,
302,Binary Trees,Traversals,Inorder Traversal,Easy,Striver,https://leetcode.com/problems/binary-tree-inorder-traversal/,
303,Binary Trees,Traversals,Postorder Traversal,Easy,Striver,https://leetcode.com/problems/binary-tree-postorder-traversal/,
304,Binary Trees,Traversals,Level Order Traversal,Medium,Striver,https://leetcode.com/problems/binary-tree-level-order-traversal/,
305,Binary Trees,Traversals,Iterative Pre/In/Post Traversal,Medium,Striver,https://leetcode.com/problems/binary-tree-preorder-traversal/,
306,Binary Trees,Traversals,Morris Traversal Inorder,Medium,Striver,https://leetcode.com/problems/binary-tree-inorder-traversal/,
307,Binary Trees,Traversals,Morris Traversal Preorder,Medium,Striver,https://leetcode.com/problems/binary-tree-preorder-traversal/,
308,Binary Trees,Medium,Height of Binary Tree,Easy,Striver,https://leetcode.com/problems/maximum-depth-of-binary-tree/,
309,Binary Trees,Medium,Check Balanced Binary Tree,Medium,Striver,https://leetcode.com/problems/balanced-binary-tree/,
310,Binary Trees,Medium,Diameter of Binary Tree,Easy,Striver,https://leetcode.com/problems/diameter-of-binary-tree/,
311,Binary Trees,Medium,Maximum Path Sum in Binary Tree,Hard,Striver,https://leetcode.com/problems/binary-tree-maximum-path-sum/,
312,Binary Trees,Medium,Check if Two Trees are Identical,Easy,Striver,https://leetcode.com/problems/same-tree/,
313,Binary Trees,Medium,Zigzag Level Order Traversal,Medium,Striver,https://leetcode.com/problems/binary-tree-zigzag-level-order-traversal/,
314,Binary Trees,Medium,Boundary Traversal,Medium,Striver,https://www.geeksforgeeks.org/problems/boundary-traversal-of-binary-tree/1,
315,Binary Trees,Medium,Vertical Order Traversal,Hard,Striver,https://leetcode.com/problems/vertical-order-traversal-of-a-binary-tree/,
316,Binary Trees,Medium,Top View of Binary Tree,Medium,Striver,https://www.geeksforgeeks.org/problems/top-view-of-binary-tree/1,
317,Binary Trees,Medium,Bottom View of Binary Tree,Medium,Striver,https://www.geeksforgeeks.org/problems/bottom-view-of-binary-tree/1,
318,Binary Trees,Medium,Left View of Binary Tree,Easy,Striver,https://www.geeksforgeeks.org/problems/left-view-of-binary-tree/1,
319,Binary Trees,Medium,Right Side View of Binary Tree,Medium,Striver,https://leetcode.com/problems/binary-tree-right-side-view/,
320,Binary Trees,Medium,Symmetric Tree,Easy,Striver,https://leetcode.com/problems/symmetric-tree/,
321,Binary Trees,Medium,Root to Node Path,Medium,Striver,https://www.geeksforgeeks.org/problems/root-to-leaf-paths/1,
322,Binary Trees,Medium,LCA of Binary Tree,Medium,Striver,https://leetcode.com/problems/lowest-common-ancestor-of-a-binary-tree/,
323,Binary Trees,Medium,Maximum Width of Binary Tree,Medium,Striver,https://leetcode.com/problems/maximum-width-of-binary-tree/,
324,Binary Trees,Medium,Children Sum Property,Medium,Striver,https://www.geeksforgeeks.org/problems/children-sum-parent/1,
325,Binary Trees,Medium,Nodes at Distance K,Medium,Striver,https://leetcode.com/problems/all-nodes-distance-k-in-binary-tree/,
326,Binary Trees,Medium,Minimum Time to Burn Tree,Hard,Striver,https://www.geeksforgeeks.org/problems/burning-tree/1,
327,Binary Trees,Medium,Count Total Nodes in Complete BT,Medium,Striver,https://leetcode.com/problems/count-complete-tree-nodes/,
328,Binary Trees,Medium,Requirements Needed to Construct Unique BT,Medium,Striver,https://www.geeksforgeeks.org/problems/check-whether-binary-tree-is-unique-or-not/1,
329,Binary Trees,Hard,Construct BT from Inorder and Preorder,Medium,Striver,https://leetcode.com/problems/construct-binary-tree-from-preorder-and-inorder-traversal/,
330,Binary Trees,Hard,Construct BT from Inorder and Postorder,Medium,Striver,https://leetcode.com/problems/construct-binary-tree-from-inorder-and-postorder-traversal/,
331,Binary Trees,Hard,Serialize and Deserialize Binary Tree,Hard,Striver,https://leetcode.com/problems/serialize-and-deserialize-binary-tree/,
332,Binary Trees,Hard,Morris Inorder Traversal,Medium,Striver,https://leetcode.com/problems/binary-tree-inorder-traversal/,
333,Binary Trees,Hard,Flatten BT to Linked List,Medium,Striver,https://leetcode.com/problems/flatten-binary-tree-to-linked-list/,
334,Binary Trees,Hard,Median of BST,Medium,Striver,https://www.geeksforgeeks.org/problems/median-of-bst/1,
335,Binary Trees,Hard,Kth Ancestor of a Node,Medium,Striver,https://www.geeksforgeeks.org/problems/kth-ancestor-in-a-tree/1,
336,Binary Trees,Added,Path Sum,Easy,Added-BT,https://leetcode.com/problems/path-sum/,Gap - NeetCode
337,Binary Trees,Added,Path Sum II,Medium,Added-BT,https://leetcode.com/problems/path-sum-ii/,Gap - NeetCode
338,Binary Trees,Added,Sum Root to Leaf Numbers,Medium,Added-BT,https://leetcode.com/problems/sum-root-to-leaf-numbers/,Gap - Shradha
339,Binary Trees,Added,Invert Binary Tree,Easy,Added-BT,https://leetcode.com/problems/invert-binary-tree/,Gap - NeetCode
340,Binary Trees,Added,Subtree of Another Tree,Easy,Added-BT,https://leetcode.com/problems/subtree-of-another-tree/,Gap - NeetCode
341,BST,Concepts,Search in BST,Easy,Striver,https://leetcode.com/problems/search-in-a-binary-search-tree/,
342,BST,Concepts,Find Min/Max in BST,Easy,Striver,https://www.geeksforgeeks.org/problems/minimum-element-in-bst/1,
343,BST,Concepts,Ceil and Floor in BST,Medium,Striver,https://www.geeksforgeeks.org/problems/floor-in-bst/1,
344,BST,Concepts,Insert in BST,Easy,Striver,https://leetcode.com/problems/insert-into-a-binary-search-tree/,
345,BST,Concepts,Delete from BST,Medium,Striver,https://leetcode.com/problems/delete-node-in-a-bst/,
346,BST,Concepts,Kth Smallest in BST,Medium,Striver,https://leetcode.com/problems/kth-smallest-element-in-a-bst/,
347,BST,Concepts,Kth Largest in BST,Medium,Striver,https://www.geeksforgeeks.org/problems/kth-largest-element-in-bst/1,
348,BST,Concepts,Validate BST,Medium,Striver,https://leetcode.com/problems/validate-binary-search-tree/,
349,BST,Concepts,LCA of BST,Medium,Striver,https://leetcode.com/problems/lowest-common-ancestor-of-a-binary-search-tree/,
350,BST,Concepts,Construct BST from Preorder Traversal,Medium,Striver,https://leetcode.com/problems/construct-binary-search-tree-from-preorder-traversal/,
351,BST,Problems,Two Sum IV in BST,Easy,Striver,https://leetcode.com/problems/two-sum-iv-input-is-a-bst/,
352,BST,Problems,BST Iterator,Medium,Striver,https://leetcode.com/problems/binary-search-tree-iterator/,
353,BST,Problems,Recover BST,Hard,Striver,https://leetcode.com/problems/recover-binary-search-tree/,
354,BST,Problems,Largest BST in Binary Tree,Hard,Striver,https://www.geeksforgeeks.org/problems/largest-bst/1,
355,BST,Problems,Convert Sorted Array to BST,Easy,Striver,https://leetcode.com/problems/convert-sorted-array-to-binary-search-tree/,
356,BST,Problems,Balance a BST,Medium,Striver,https://leetcode.com/problems/balance-a-bst/,
357,Graphs,BFS & DFS,BFS of Graph,Medium,Striver,https://www.geeksforgeeks.org/problems/bfs-traversal-of-graph/1,
358,Graphs,BFS & DFS,DFS of Graph,Medium,Striver,https://www.geeksforgeeks.org/problems/depth-first-traversal-for-a-graph/1,
359,Graphs,BFS & DFS,Number of Provinces,Medium,Striver,https://leetcode.com/problems/number-of-provinces/,
360,Graphs,BFS & DFS,Number of Islands,Medium,Striver,https://leetcode.com/problems/number-of-islands/,
361,Graphs,BFS & DFS,Flood Fill,Easy,Striver,https://leetcode.com/problems/flood-fill/,
362,Graphs,BFS & DFS,Rotten Oranges,Medium,Striver,https://leetcode.com/problems/rotting-oranges/,
363,Graphs,BFS & DFS,Detect Cycle in Undirected Graph,Medium,Striver,https://www.geeksforgeeks.org/problems/detect-cycle-in-an-undirected-graph/1,
364,Graphs,BFS & DFS,01 Matrix,Medium,Striver,https://leetcode.com/problems/01-matrix/,
365,Graphs,BFS & DFS,Surrounded Regions,Medium,Striver,https://leetcode.com/problems/surrounded-regions/,
366,Graphs,BFS & DFS,Number of Enclaves,Medium,Striver,https://leetcode.com/problems/number-of-enclaves/,
367,Graphs,BFS & DFS,Word Ladder I,Hard,Striver,https://leetcode.com/problems/word-ladder/,
368,Graphs,BFS & DFS,Word Ladder II,Hard,Striver,https://leetcode.com/problems/word-ladder-ii/,
369,Graphs,BFS & DFS,Number of Distinct Islands,Medium,Striver,https://www.geeksforgeeks.org/problems/number-of-distinct-islands/0,
370,Graphs,BFS & DFS,Bipartite Graph Check (BFS),Medium,Striver,https://leetcode.com/problems/is-graph-bipartite/,
371,Graphs,BFS & DFS,Bipartite Graph Check (DFS),Medium,Striver,https://leetcode.com/problems/is-graph-bipartite/,
372,Graphs,Directed Graphs,Detect Cycle in Directed Graph DFS,Medium,Striver,https://www.geeksforgeeks.org/problems/detect-cycle-in-a-directed-graph/1,
373,Graphs,Directed Graphs,Topological Sort DFS,Medium,Striver,https://www.geeksforgeeks.org/problems/topological-sort/1,
374,Graphs,Directed Graphs,Topological Sort BFS (Kahn's),Medium,Striver,https://www.geeksforgeeks.org/problems/topological-sort/1,
375,Graphs,Directed Graphs,Detect Cycle in Directed Graph BFS,Medium,Striver,https://www.geeksforgeeks.org/problems/detect-cycle-in-a-directed-graph/1,
376,Graphs,Directed Graphs,Number of Ways to Arrive at Destination,Medium,Striver,https://leetcode.com/problems/number-of-ways-to-arrive-at-destination/,
377,Graphs,Directed Graphs,Find Eventual Safe States,Medium,Striver,https://leetcode.com/problems/find-eventual-safe-states/,
378,Graphs,Directed Graphs,Course Schedule I,Medium,Striver,https://leetcode.com/problems/course-schedule/,
379,Graphs,Directed Graphs,Course Schedule II,Medium,Striver,https://leetcode.com/problems/course-schedule-ii/,
380,Graphs,Directed Graphs,Alien Dictionary,Hard,Striver,https://www.geeksforgeeks.org/problems/alien-dictionary/1,
381,Graphs,Shortest Path,Shortest Path in Undirected Graph,Medium,Striver,https://www.geeksforgeeks.org/problems/shortest-path-in-undirected-graph-having-unit-distance/1,
382,Graphs,Shortest Path,Shortest Path in DAG,Medium,Striver,https://www.geeksforgeeks.org/problems/shortest-path-in-undirected-graph/1,
383,Graphs,Shortest Path,Dijkstra's Algorithm,Medium,Striver,https://www.geeksforgeeks.org/problems/implementing-dijkstra-set-1-adjacency-matrix/1,
384,Graphs,Shortest Path,Why Priority Queue in Dijkstra,Medium,Striver,https://leetcode.com/problems/network-delay-time/,
385,Graphs,Shortest Path,Shortest Path in Binary Matrix,Medium,Striver,https://leetcode.com/problems/shortest-path-in-binary-matrix/,
386,Graphs,Shortest Path,Path with Minimum Effort,Medium,Striver,https://leetcode.com/problems/path-with-minimum-effort/,
387,Graphs,Shortest Path,Cheapest Flights K Stops (Bellman Ford),Medium,Striver,https://leetcode.com/problems/cheapest-flights-within-k-stops/,
388,Graphs,Shortest Path,Bellman Ford Algorithm,Medium,Striver,https://www.geeksforgeeks.org/problems/distance-from-the-source-bellman-ford-algorithm/1,
389,Graphs,Shortest Path,Floyd Warshall Algorithm,Medium,Striver,https://www.geeksforgeeks.org/problems/implementing-floyd-warshall/1,
390,Graphs,Shortest Path,City with Smallest Threshold Distance,Medium,Striver,https://leetcode.com/problems/find-the-city-with-the-smallest-number-of-neighbors-at-a-threshold-distance/,
391,Graphs,Shortest Path,Network Delay Time,Medium,Striver,https://leetcode.com/problems/network-delay-time/,
392,Graphs,MST & Disjoint Set,Minimum Spanning Tree (Prim's),Medium,Striver,https://www.geeksforgeeks.org/problems/minimum-spanning-tree/1,
393,Graphs,MST & Disjoint Set,Disjoint Set Union (Union Find),Medium,Striver,https://www.geeksforgeeks.org/problems/disjoint-set-union-find/1,
394,Graphs,MST & Disjoint Set,Kruskal's Algorithm,Medium,Striver,https://www.geeksforgeeks.org/problems/minimum-spanning-tree/1,
395,Graphs,MST & Disjoint Set,Number of Operations to Make Network Connected,Medium,Striver,https://leetcode.com/problems/number-of-operations-to-make-network-connected/,
396,Graphs,MST & Disjoint Set,Most Stones Removed with Same Row/Column,Medium,Striver,https://leetcode.com/problems/most-stones-removed-with-same-row-or-column/,
397,Graphs,MST & Disjoint Set,Accounts Merge,Medium,Striver,https://leetcode.com/problems/accounts-merge/,
398,Graphs,MST & Disjoint Set,Number of Islands II Online Queries,Hard,Striver,https://www.geeksforgeeks.org/problems/number-of-islands-ii/1,
399,Graphs,MST & Disjoint Set,Making Largest Island,Hard,Striver,https://leetcode.com/problems/making-a-large-island/,
400,Graphs,MST & Disjoint Set,Swim in Rising Water,Hard,Striver,https://leetcode.com/problems/swim-in-rising-water/,
401,Graphs,Hard,Bridges in Graph (Tarjan),Hard,Striver,https://leetcode.com/problems/critical-connections-in-a-network/,
402,Graphs,Hard,Articulation Points in Graph,Hard,Striver,https://www.geeksforgeeks.org/problems/articulation-point-1/1,
403,Graphs,Hard,Kosaraju's Algorithm for SCCs,Hard,Striver,https://www.geeksforgeeks.org/problems/strongly-connected-components-kosarajus-algo/1,
404,Graphs,Hard,Bellman Ford - Negative Cycle Detection,Hard,Striver,https://www.geeksforgeeks.org/problems/negative-weight-cycle/1,
405,Graphs,Added,Clone Graph,Medium,Added-Graphs,https://leetcode.com/problems/clone-graph/,Gap - NeetCode
406,Graphs,Added,Pacific Atlantic Water Flow,Medium,Added-Graphs,https://leetcode.com/problems/pacific-atlantic-water-flow/,Gap - NeetCode
407,Graphs,Added,Redundant Connection,Medium,Added-Graphs,https://leetcode.com/problems/redundant-connection/,Gap - NeetCode
408,Graphs,Added,Graph Valid Tree,Medium,Added-Graphs,https://www.geeksforgeeks.org/problems/is-it-a-tree/1,Gap - NeetCode
409,Dynamic Programming,1D DP,Fibonacci Number,Easy,Striver,https://leetcode.com/problems/fibonacci-number/,DP intro
410,Dynamic Programming,1D DP,Climbing Stairs,Easy,Striver,https://leetcode.com/problems/climbing-stairs/,
411,Dynamic Programming,1D DP,Frog Jump,Medium,Striver,https://www.geeksforgeeks.org/problems/geek-jump/1,
412,Dynamic Programming,1D DP,Frog Jump with K Distances,Medium,Striver,https://www.geeksforgeeks.org/problems/minimal-cost/1,
413,Dynamic Programming,1D DP,Maximum Sum of Non-Adjacent Elements,Medium,Striver,https://leetcode.com/problems/house-robber/,
414,Dynamic Programming,1D DP,House Robber II,Medium,Striver,https://leetcode.com/problems/house-robber-ii/,
415,Dynamic Programming,1D DP,Ninja Training,Medium,Striver,https://www.geeksforgeeks.org/problems/ninja-training/0,
416,Dynamic Programming,2D DP,Grid Unique Paths,Medium,Striver,https://leetcode.com/problems/unique-paths/,
417,Dynamic Programming,2D DP,Grid Unique Paths II,Medium,Striver,https://leetcode.com/problems/unique-paths-ii/,
418,Dynamic Programming,2D DP,Minimum Path Sum in Grid,Medium,Striver,https://leetcode.com/problems/minimum-path-sum/,
419,Dynamic Programming,2D DP,Minimum Path Triangle,Medium,Striver,https://leetcode.com/problems/triangle/,
420,Dynamic Programming,2D DP,Minimum/Maximum Falling Path Sum,Medium,Striver,https://leetcode.com/problems/minimum-falling-path-sum/,
421,Dynamic Programming,2D DP,Cherry Pickup II,Hard,Striver,https://leetcode.com/problems/cherry-pickup-ii/,
422,Dynamic Programming,2D DP,Chocolate Pickup,Hard,Striver,https://www.geeksforgeeks.org/problems/chocolate-pickup/1,
423,Dynamic Programming,Subsequences,Subset Sum Problem,Medium,Striver,https://www.geeksforgeeks.org/problems/subset-sum-problem-1611555638/1,
424,Dynamic Programming,Subsequences,Partition Equal Subset Sum,Medium,Striver,https://leetcode.com/problems/partition-equal-subset-sum/,
425,Dynamic Programming,Subsequences,Partition into Two Subsets with Minimum Difference,Hard,Striver,https://leetcode.com/problems/last-stone-weight-ii/,
426,Dynamic Programming,Subsequences,Count Subsets with Sum K,Medium,Striver,https://www.geeksforgeeks.org/problems/perfect-sum-problem5633/1,
427,Dynamic Programming,Subsequences,Count Partitions with Difference K,Medium,Striver,https://www.geeksforgeeks.org/problems/partitions-with-given-difference/0,
428,Dynamic Programming,Subsequences,0/1 Knapsack,Medium,Striver,https://www.geeksforgeeks.org/problems/0-1-knapsack-problem/1,
429,Dynamic Programming,Subsequences,Minimum Coins,Medium,Striver,https://leetcode.com/problems/coin-change/,
430,Dynamic Programming,Subsequences,Target Sum,Medium,Striver,https://leetcode.com/problems/target-sum/,
431,Dynamic Programming,Subsequences,Coin Change II - Number of Ways,Medium,Striver,https://leetcode.com/problems/coin-change-ii/,
432,Dynamic Programming,Subsequences,Unbounded Knapsack,Medium,Striver,https://www.geeksforgeeks.org/problems/knapsack-with-duplicate-items4201/1,
433,Dynamic Programming,Subsequences,Rod Cutting,Medium,Striver,https://www.geeksforgeeks.org/problems/rod-cutting/1,
434,Dynamic Programming,Strings DP,Longest Common Subsequence,Medium,Striver,https://leetcode.com/problems/longest-common-subsequence/,
435,Dynamic Programming,Strings DP,Print LCS,Medium,Striver,https://www.geeksforgeeks.org/problems/print-all-lcs-sequences3413/1,
436,Dynamic Programming,Strings DP,Longest Common Substring,Medium,Striver,https://www.geeksforgeeks.org/problems/longest-common-substring1452/1,
437,Dynamic Programming,Strings DP,Longest Palindromic Subsequence,Medium,Striver,https://leetcode.com/problems/longest-palindromic-subsequence/,
438,Dynamic Programming,Strings DP,Minimum Insertions to Make String Palindrome,Hard,Striver,https://leetcode.com/problems/minimum-insertion-steps-to-make-a-string-palindrome/,
439,Dynamic Programming,Strings DP,Minimum Insertions/Deletions to Convert String A to B,Medium,Striver,https://leetcode.com/problems/delete-operation-for-two-strings/,
440,Dynamic Programming,Strings DP,Shortest Common Supersequence,Hard,Striver,https://leetcode.com/problems/shortest-common-supersequence/,
441,Dynamic Programming,Strings DP,Distinct Subsequences,Hard,Striver,https://leetcode.com/problems/distinct-subsequences/,
442,Dynamic Programming,Strings DP,Edit Distance,Hard,Striver,https://leetcode.com/problems/edit-distance/,
443,Dynamic Programming,Strings DP,Wildcard Matching,Hard,Striver,https://leetcode.com/problems/wildcard-matching/,
444,Dynamic Programming,Strings DP,Regular Expression Matching,Hard,Striver,https://leetcode.com/problems/regular-expression-matching/,
445,Dynamic Programming,Stocks,Stock Buy Sell I,Easy,Striver,https://leetcode.com/problems/best-time-to-buy-and-sell-stock/,
446,Dynamic Programming,Stocks,Stock Buy Sell II,Medium,Striver,https://leetcode.com/problems/best-time-to-buy-and-sell-stock-ii/,
447,Dynamic Programming,Stocks,Stock Buy Sell III,Hard,Striver,https://leetcode.com/problems/best-time-to-buy-and-sell-stock-iii/,
448,Dynamic Programming,Stocks,Stock Buy Sell IV,Hard,Striver,https://leetcode.com/problems/best-time-to-buy-and-sell-stock-iv/,
449,Dynamic Programming,Stocks,Stock with Cooldown,Medium,Striver,https://leetcode.com/problems/best-time-to-buy-and-sell-stock-with-cooldown/,
450,Dynamic Programming,Stocks,Stock with Transaction Fee,Medium,Striver,https://leetcode.com/problems/best-time-to-buy-and-sell-stock-with-transaction-fee/,
451,Dynamic Programming,LIS,Longest Increasing Subsequence,Medium,Striver,https://leetcode.com/problems/longest-increasing-subsequence/,
452,Dynamic Programming,LIS,Print LIS,Medium,Striver,https://www.geeksforgeeks.org/problems/printing-longest-increasing-subsequence/1,
453,Dynamic Programming,LIS,Largest Divisible Subset,Medium,Striver,https://leetcode.com/problems/largest-divisible-subset/,
454,Dynamic Programming,LIS,LIS with Binary Search (O(n log n)),Medium,Striver,https://leetcode.com/problems/longest-increasing-subsequence/,
455,Dynamic Programming,LIS,Number of LIS,Medium,Striver,https://leetcode.com/problems/number-of-longest-increasing-subsequence/,
456,Dynamic Programming,LIS,Maximum Sum Increasing Subsequence,Medium,Striver,https://www.geeksforgeeks.org/problems/maximum-sum-increasing-subsequence4749/1,
457,Dynamic Programming,LIS,Russian Doll Envelopes,Hard,Striver,https://leetcode.com/problems/russian-doll-envelopes/,
458,Dynamic Programming,LIS,Maximum Height Stacking Cuboids,Hard,Striver,https://leetcode.com/problems/maximum-height-by-stacking-cuboids/,
459,Dynamic Programming,LIS,Grid Longest Increasing Path,Hard,Striver,https://leetcode.com/problems/longest-increasing-path-in-a-matrix/,
460,Dynamic Programming,Partition DP,Matrix Chain Multiplication,Hard,Striver,https://www.geeksforgeeks.org/problems/matrix-chain-multiplication0526/1,
461,Dynamic Programming,Partition DP,Minimum Cost to Cut Stick,Hard,Striver,https://leetcode.com/problems/minimum-cost-to-cut-a-stick/,
462,Dynamic Programming,Partition DP,Burst Balloons,Hard,Striver,https://leetcode.com/problems/burst-balloons/,
463,Dynamic Programming,Partition DP,Palindrome Partitioning II,Hard,Striver,https://leetcode.com/problems/palindrome-partitioning-ii/,
464,Dynamic Programming,Partition DP,Partition Array for Maximum Sum,Medium,Striver,https://leetcode.com/problems/partition-array-for-maximum-sum/,
465,Dynamic Programming,Partition DP,Maximum Rectangle - Histogram DP,Hard,Striver,https://leetcode.com/problems/maximal-rectangle/,
466,Dynamic Programming,Added,Decode Ways,Medium,Added-DP,https://leetcode.com/problems/decode-ways/,Gap - NeetCode
467,Dynamic Programming,Added,Interleaving String,Medium,Added-DP,https://leetcode.com/problems/interleaving-string/,Gap - NeetCode
468,Dynamic Programming,Added,Coin Change - BFS approach,Medium,Added-DP,https://leetcode.com/problems/coin-change/,Gap - NeetCode
469,Dynamic Programming,Added,Maximum Product Subarray,Medium,Added-DP,https://leetcode.com/problems/maximum-product-subarray/,Gap - NeetCode
470,Dynamic Programming,Added,Word Break II,Hard,Added-DP,https://leetcode.com/problems/word-break-ii/,Gap - Shradha
471,Tries,Concepts,Implement Trie I,Medium,Striver,https://leetcode.com/problems/implement-trie-prefix-tree/,
472,Tries,Concepts,Implement Trie II,Medium,Striver,https://www.geeksforgeeks.org/problems/trie-insert-and-search0651/1,
473,Tries,Problems,Longest String with All Prefixes,Medium,Striver,https://www.geeksforgeeks.org/problems/longest-string-with-all-prefixes/0,
474,Tries,Problems,Number of Distinct Substrings,Hard,Striver,https://www.geeksforgeeks.org/problems/number-of-distinct-substrings-in-a-string/1,
475,Tries,Problems,Power Set using Trie,Hard,Striver,https://www.geeksforgeeks.org/problems/power-set4302/1,
476,Tries,Problems,Maximum XOR of Two Numbers in Array,Medium,Striver,https://leetcode.com/problems/maximum-xor-of-two-numbers-in-an-array/,
477,Tries,Problems,Maximum XOR with an Element from Array,Hard,Striver,https://leetcode.com/problems/maximum-xor-with-an-element-from-array/,
478,Tries,Added,Design Add and Search Words,Medium,Added-Trie,https://leetcode.com/problems/design-add-and-search-words-data-structure/,Gap - NeetCode
479,Tries,Added,Word Search II,Hard,Added-Trie,https://leetcode.com/problems/word-search-ii/,Gap - NeetCode
480,Tries,Added,Replace Words,Medium,Added-Trie,https://leetcode.com/problems/replace-words/,Gap - Babbar
481,Segment Tree,Concepts,Segment Tree Build and Query (Sum),Medium,Added-SegTree,https://www.geeksforgeeks.org/problems/segment-tree/0,Gap - Rohit Negi
482,Segment Tree,Concepts,Segment Tree Range Update (Lazy Propagation),Hard,Added-SegTree,https://www.geeksforgeeks.org/problems/lazy-propagation-in-segment-tree/0,Gap - Rohit Negi
483,Segment Tree,Problems,Range Minimum Query,Medium,Added-SegTree,https://www.geeksforgeeks.org/problems/range-minimum-query/0,Gap - Rohit Negi
484,Segment Tree,Problems,Range Sum Query - Mutable,Medium,Added-SegTree,https://leetcode.com/problems/range-sum-query-mutable/,Gap - Rohit Negi / LeetCode
485,Segment Tree,Problems,Count of Smaller Numbers After Self,Hard,Added-SegTree,https://leetcode.com/problems/count-of-smaller-numbers-after-self/,Gap - Rohit Negi
486,Segment Tree,Problems,My Calendar I,Medium,Added-SegTree,https://leetcode.com/problems/my-calendar-i/,Gap - Rohit Negi
487,Segment Tree,Problems,Rectangle Area II,Hard,Added-SegTree,https://leetcode.com/problems/rectangle-area-ii/,Gap - Rohit Negi
488,Segment Tree,Fenwick Tree,Binary Indexed Tree / Fenwick Tree,Medium,Added-BIT,https://www.geeksforgeeks.org/problems/binary-indexed-tree-or-fenwick-tree/0,Gap - Rohit Negi
489,Segment Tree,Fenwick Tree,Count Inversions using BIT,Hard,Added-BIT,https://www.geeksforgeeks.org/problems/count-inversions/0,Gap - Rohit Negi
490,Design,LRU & LFU,LRU Cache,Hard,Added-Design,https://leetcode.com/problems/lru-cache/,Gap - Fraz (already in Stack section but worth isolating)
491,Design,LRU & LFU,LFU Cache,Hard,Added-Design,https://leetcode.com/problems/lfu-cache/,Gap - Fraz
492,Design,LRU & LFU,Design HashMap,Easy,Added-Design,https://leetcode.com/problems/design-hashmap/,Gap - Fraz
493,Design,LRU & LFU,Design HashSet,Easy,Added-Design,https://leetcode.com/problems/design-hashset/,Gap - Fraz
494,Design,Others,Design Circular Deque,Medium,Added-Design,https://leetcode.com/problems/design-circular-deque/,Gap - Fraz
495,Design,Others,Implement Magic Dictionary,Medium,Added-Design,https://leetcode.com/problems/implement-magic-dictionary/,Gap - Fraz
496,Design,Others,All O'one Data Structure,Hard,Added-Design,https://leetcode.com/problems/all-oone-data-structure/,Gap - Fraz
